id,speaker_nm,conversation_id,reply_to_id,reply_to_nm,timestamp,text,likes,shares,num_comments
1897011873620615263,PamHemphill79,1897011873620615263,None,None,2025-03-04T19:50:50.000Z,"Guess where I’m at? 50501 Protest, Boise Idaho!",286,60,21
1897350980318191853,epicthundercat,1897011873620615263,1897011873620615263,PamHemphill79,2025-03-05T18:18:19.000Z,,2,1,0
1897046821576565018,ctambakis1,1897011873620615263,1897011873620615263,PamHemphill79,2025-03-04T22:09:42.000Z,"Love it! Thank you, Pam! ",5,0,0
1897012326374707546,myweiredworld,1897011873620615263,1897011873620615263,PamHemphill79,2025-03-04T19:52:38.000Z,Keep up the good fight!,3,0,0
1897015064756150713,ZachFOCO,1897011873620615263,1897011873620615263,PamHemphill79,2025-03-04T20:03:30.000Z,"Hahaha, it's all boomers from California who destroyed Idaho and who already made their millions doing nothing yet will still let future generations starve before giving up one red cent from their home values or social security. 

Boomers truly are the worst generation.",3,0,2
1897019592859599069,PrinzDebbie,1897011873620615263,1897011873620615263,PamHemphill79,2025-03-04T20:21:30.000Z,That's awesome,3,0,0
1897026472105402699,PinkFreudHokie,1897011873620615263,1897011873620615263,PamHemphill79,2025-03-04T20:48:50.000Z,I need to drive to Boise from Seattle one of these days,3,0,0
1897046342830318055,ErinTyding75794,1897011873620615263,1897011873620615263,PamHemphill79,2025-03-04T22:07:48.000Z,Great turn out! Thanks for being there with me!,3,0,0
1897050518993952854,Muzz1943,1897011873620615263,1897011873620615263,PamHemphill79,2025-03-04T22:24:23.000Z,You are a trooper Pam! ,3,0,0
1897350980318191853,epicthundercat,1897011873620615263,1897011873620615263,PamHemphill79,2025-03-05T18:18:19.000Z,,2,1,0
1897046821576565018,ctambakis1,1897011873620615263,1897011873620615263,PamHemphill79,2025-03-04T22:09:42.000Z,"Love it! Thank you, Pam! ",5,0,0
1897012326374707546,myweiredworld,1897011873620615263,1897011873620615263,PamHemphill79,2025-03-04T19:52:38.000Z,Keep up the good fight!,3,0,0
1897015064756150713,ZachFOCO,1897011873620615263,1897011873620615263,PamHemphill79,2025-03-04T20:03:30.000Z,"Hahaha, it's all boomers from California who destroyed Idaho and who already made their millions doing nothing yet will still let future generations starve before giving up one red cent from their home values or social security. 

Boomers truly are the worst generation.",3,0,2
1897019592859599069,PrinzDebbie,1897011873620615263,1897011873620615263,PamHemphill79,2025-03-04T20:21:30.000Z,That's awesome,3,0,0
1897026472105402699,PinkFreudHokie,1897011873620615263,1897011873620615263,PamHemphill79,2025-03-04T20:48:50.000Z,I need to drive to Boise from Seattle one of these days,3,0,0
1897046342830318055,ErinTyding75794,1897011873620615263,1897011873620615263,PamHemphill79,2025-03-04T22:07:48.000Z,Great turn out! Thanks for being there with me!,3,0,0
1897050518993952854,Muzz1943,1897011873620615263,1897011873620615263,PamHemphill79,2025-03-04T22:24:23.000Z,You are a trooper Pam! ,3,0,0
1897026448864764125,carolynthechef,1897011873620615263,1897011873620615263,PamHemphill79,2025-03-04T20:48:45.000Z,,2,0,0
1897015195224170728,ZachFOCO,1897011873620615263,1897011873620615263,PamHemphill79,2025-03-04T20:04:02.000Z,"Why are there no young people at these protests. 

Just angry, greedy, white boomers.",1,0,0
1897238527970251097,Mycrazy64212091,1897011873620615263,1897011873620615263,PamHemphill79,2025-03-05T10:51:28.000Z,. Keep up the good fight.,0,0,0
1897046821576565018,ctambakis1,1897011873620615263,1897011873620615263,PamHemphill79,2025-03-04T22:09:42.000Z,"Love it! Thank you, Pam! ",5,0,0
1900186954173657390,cocopekoe7,1900186954173657390,None,None,2025-03-13T14:07:28.000Z,"50501_socal 
The people are waking up. Every age, every background, everyone can see exactly where we are headed. Keep the billionaires out of our personal information and out of our government",42,25,3
1901585057850314880,LoveYourLifeHon,1900186954173657390,1900186954173657390,cocopekoe7,2025-03-17T10:43:02.000Z,,1,1,1
1901585565935677808,cocopekoe7,1900186954173657390,1900186954173657390,cocopekoe7,2025-03-17T10:45:03.000Z,,0,0,0
1900211952686895582,zeitgeist8888,1900186954173657390,1900186954173657390,cocopekoe7,2025-03-13T15:46:48.000Z,Time to say to the orange mf: “You’re fired!”,1,0,0
1901585057850314880,LoveYourLifeHon,1900186954173657390,1900186954173657390,cocopekoe7,2025-03-17T10:43:02.000Z,,1,1,1
1901585565935677808,cocopekoe7,1900186954173657390,1900186954173657390,cocopekoe7,2025-03-17T10:45:03.000Z,,0,0,0
1900211952686895582,zeitgeist8888,1900186954173657390,1900186954173657390,cocopekoe7,2025-03-13T15:46:48.000Z,Time to say to the orange mf: “You’re fired!”,1,0,0
1901585057850314880,LoveYourLifeHon,1900186954173657390,1900186954173657390,cocopekoe7,2025-03-17T10:43:02.000Z,,1,1,1
1901585565935677808,cocopekoe7,1900186954173657390,1900186954173657390,cocopekoe7,2025-03-17T10:45:03.000Z,,0,0,0
1900211952686895582,zeitgeist8888,1900186954173657390,1900186954173657390,cocopekoe7,2025-03-13T15:46:48.000Z,Time to say to the orange mf: “You’re fired!”,1,0,0
1901585057850314880,LoveYourLifeHon,1900186954173657390,1900186954173657390,cocopekoe7,2025-03-17T10:43:02.000Z,,1,1,1
1901585565935677808,cocopekoe7,1900186954173657390,1900186954173657390,cocopekoe7,2025-03-17T10:45:03.000Z,,0,0,0
1900211952686895582,zeitgeist8888,1900186954173657390,1900186954173657390,cocopekoe7,2025-03-13T15:46:48.000Z,Time to say to the orange mf: “You’re fired!”,1,0,0
1901585057850314880,LoveYourLifeHon,1900186954173657390,1900186954173657390,cocopekoe7,2025-03-17T10:43:02.000Z,,1,1,1
1901585565935677808,cocopekoe7,1900186954173657390,1900186954173657390,cocopekoe7,2025-03-17T10:45:03.000Z,,0,0,0
1900211952686895582,zeitgeist8888,1900186954173657390,1900186954173657390,cocopekoe7,2025-03-13T15:46:48.000Z,Time to say to the orange mf: “You’re fired!”,1,0,0
1901585057850314880,LoveYourLifeHon,1900186954173657390,1900186954173657390,cocopekoe7,2025-03-17T10:43:02.000Z,,1,1,1
1901585565935677808,cocopekoe7,1900186954173657390,1900186954173657390,cocopekoe7,2025-03-17T10:45:03.000Z,,0,0,0
1900211952686895582,zeitgeist8888,1900186954173657390,1900186954173657390,cocopekoe7,2025-03-13T15:46:48.000Z,Time to say to the orange mf: “You’re fired!”,1,0,0
1901585057850314880,LoveYourLifeHon,1900186954173657390,1900186954173657390,cocopekoe7,2025-03-17T10:43:02.000Z,,1,1,1
1901585565935677808,cocopekoe7,1900186954173657390,1900186954173657390,cocopekoe7,2025-03-17T10:45:03.000Z,,0,0,0
1898455460996628505,daviss,1898455460996628505,None,None,2025-03-08T19:27:08.000Z,"Now: 50501 protesters are at the Minnesota State Capitol for the second time this week. Today with local senators and city council members. 

“If you voted for a Republican, we don’t hate you! We are thankful you are here!”",268,43,9
1898583366804353529,rrUnplugged,1898455460996628505,1898455460996628505,daviss,2025-03-09T03:55:23.000Z, “50501” is about the stupidest thing I have ever seen.,0,0,0
1898941295747371433,Michael68394171,1898455460996628505,1898455460996628505,daviss,2025-03-10T03:37:40.000Z,Thank You for  standing up and I agree - we need to clean up the fraud that has taken over our government.,2,0,0
1898717530044154015,familygolfmn,1898455460996628505,1898455460996628505,daviss,2025-03-09T12:48:30.000Z,What group is paying these people?,1,0,1
1898748540014190784,R9790246,1898455460996628505,1898455460996628505,daviss,2025-03-09T14:51:43.000Z,Thank you for documenting this.,1,0,0
1898456472574460021,VaxxedSax,1898455460996628505,1898455460996628505,daviss,2025-03-08T19:31:09.000Z,Seems like some shady billionaire funded BS,0,0,2
1898482563183763567,Mrtully5,1898455460996628505,1898455460996628505,daviss,2025-03-08T21:14:49.000Z,what are they protesting?,0,0,2
1898771811497598998,RobertKaneRip,1898455460996628505,1898455460996628505,daviss,2025-03-09T16:24:11.000Z,Are they celebrating a $18 billion surplus to a $6 billion deficit? Celebrating no accountability for their tax dollars?,4,0,0
1898571266535104588,DirtyLegs1212,1898455460996628505,1898455460996628505,daviss,2025-03-09T03:07:18.000Z,The DFL lies,2,0,0
1898583366804353529,rrUnplugged,1898455460996628505,1898455460996628505,daviss,2025-03-09T03:55:23.000Z, “50501” is about the stupidest thing I have ever seen.,0,0,0
1898941295747371433,Michael68394171,1898455460996628505,1898455460996628505,daviss,2025-03-10T03:37:40.000Z,Thank You for  standing up and I agree - we need to clean up the fraud that has taken over our government.,2,0,0
1898717530044154015,familygolfmn,1898455460996628505,1898455460996628505,daviss,2025-03-09T12:48:30.000Z,What group is paying these people?,1,0,1
1898748540014190784,R9790246,1898455460996628505,1898455460996628505,daviss,2025-03-09T14:51:43.000Z,Thank you for documenting this.,1,0,0
1898456472574460021,VaxxedSax,1898455460996628505,1898455460996628505,daviss,2025-03-08T19:31:09.000Z,Seems like some shady billionaire funded BS,0,0,2
1898482563183763567,Mrtully5,1898455460996628505,1898455460996628505,daviss,2025-03-08T21:14:49.000Z,what are they protesting?,0,0,2
1898771811497598998,RobertKaneRip,1898455460996628505,1898455460996628505,daviss,2025-03-09T16:24:11.000Z,Are they celebrating a $18 billion surplus to a $6 billion deficit? Celebrating no accountability for their tax dollars?,4,0,0
1898571266535104588,DirtyLegs1212,1898455460996628505,1898455460996628505,daviss,2025-03-09T03:07:18.000Z,The DFL lies,2,0,0
1898583366804353529,rrUnplugged,1898455460996628505,1898455460996628505,daviss,2025-03-09T03:55:23.000Z, “50501” is about the stupidest thing I have ever seen.,0,0,0
1898941295747371433,Michael68394171,1898455460996628505,1898455460996628505,daviss,2025-03-10T03:37:40.000Z,Thank You for  standing up and I agree - we need to clean up the fraud that has taken over our government.,2,0,0
1898717530044154015,familygolfmn,1898455460996628505,1898455460996628505,daviss,2025-03-09T12:48:30.000Z,What group is paying these people?,1,0,1
1898748540014190784,R9790246,1898455460996628505,1898455460996628505,daviss,2025-03-09T14:51:43.000Z,Thank you for documenting this.,1,0,0
1900351475445838121,listen_2learn,1900351475445838121,None,None,2025-03-14T01:01:13.000Z,Indivisible is working with 50501 to organize nationwide protests on April 5 to fight for their bureaucracy.,127,84,26
1900351503157911867,listen_2learn,1900351475445838121,1900351475445838121,listen_2learn,2025-03-14T01:01:19.000Z,"The Indivisible kids are working with their street protest partner 50501 to organize a mass action tentatively on April 5. 

They charged J6ers with commerce crimes because they said businesses in DC were harmed. The protest organizers should be charged with the exact same crimes",3,3,0
1900351859702759919,listen_2learn,1900351475445838121,1900351475445838121,listen_2learn,2025-03-14T01:02:44.000Z,Linda Sarsour was a leader of the women’s march. She was kicked out for being too radical. She is now affiliated with 50501 and Build the Resistance.,1,2,1
1900352011809239379,listen_2learn,1900351475445838121,1900351475445838121,listen_2learn,2025-03-14T01:03:21.000Z,"This is what 50501 and their fellow revolution business members are protesting for:

1. Impeachment of Trump and removal from office. They also mentioned more prosecutions. 
2. Investigation into Elon Musk, DOGE and Trump appointees
3. Reinstatement of rescinded federal DEI",3,1,0
1900351907131982269,listen_2learn,1900351475445838121,1900351475445838121,listen_2learn,2025-03-14T01:02:56.000Z,Build the Resistance is another group that is organizing the “organic” protests. They are affiliated with the umbrella group 50501.,0,2,0
1900351676726333468,listen_2learn,1900351475445838121,1900351475445838121,listen_2learn,2025-03-14T01:02:01.000Z,"@elonmusk should sue the indivisible kids and @FBIDirectorKash should investigate them. Since they claim that the speech that Trump gave on January 6 incited an insurrection, then these two have incited domestic terrorism, regardless if they claim to be nonviolent. 

Indivisible",0,0,0
1900351797253882008,listen_2learn,1900351475445838121,1900351475445838121,listen_2learn,2025-03-14T01:02:29.000Z,"The Indivisible kids are working with their street protest partner 50501 to organize a mass action tentatively on April 5. 

They charged J6ers with commerce crimes because they said businesses in DC were harmed. The protest organizers should be charged with the exact same crimes",0,0,0
1900354959599624339,sater_terry,1900351475445838121,1900351475445838121,listen_2learn,2025-03-14T01:15:03.000Z,"The idea of Indivisible teaming up with 50501 to stage nationwide protests on April 5, 2025, against the Trump administration’s efforts to secure borders, clean up streets, stabilize the economy, and slash waste, fraud, and abuse is a masterclass in self-defeating lunacy. Here’s",4,1,0
1900373229673259511,MickeyBitcoin,1900351475445838121,1900351475445838121,listen_2learn,2025-03-14T02:27:39.000Z,Please join our movement to expand government waste and fraud.,3,0,0
1900728524664631348,phyllisdawn1982,1900351475445838121,1900351475445838121,listen_2learn,2025-03-15T01:59:28.000Z,"Nothing like protesting for bigger government waste fraud and abuse 
The people are believing all the Politicians  who are lying to keep their Grifts",3,0,0
1902752440354533423,Wait_ItsThatGuy,1900351475445838121,1900351475445838121,listen_2learn,2025-03-20T16:01:47.000Z,"The left is fighting for their parishioners, deacons and priests that operate within their various churches of government.
They hate democracy and they hate the people.",1,0,0
1900351676726333468,listen_2learn,1900351475445838121,1900351475445838121,listen_2learn,2025-03-14T01:02:01.000Z,"@elonmusk should sue the indivisible kids and @FBIDirectorKash should investigate them. Since they claim that the speech that Trump gave on January 6 incited an insurrection, then these two have incited domestic terrorism, regardless if they claim to be nonviolent. 

Indivisible",0,0,0
1900351797253882008,listen_2learn,1900351475445838121,1900351475445838121,listen_2learn,2025-03-14T01:02:29.000Z,"The Indivisible kids are working with their street protest partner 50501 to organize a mass action tentatively on April 5. 

They charged J6ers with commerce crimes because they said businesses in DC were harmed. The protest organizers should be charged with the exact same crimes",0,0,0
1900354959599624339,sater_terry,1900351475445838121,1900351475445838121,listen_2learn,2025-03-14T01:15:03.000Z,"The idea of Indivisible teaming up with 50501 to stage nationwide protests on April 5, 2025, against the Trump administration’s efforts to secure borders, clean up streets, stabilize the economy, and slash waste, fraud, and abuse is a masterclass in self-defeating lunacy. Here’s",4,1,0
1900373229673259511,MickeyBitcoin,1900351475445838121,1900351475445838121,listen_2learn,2025-03-14T02:27:39.000Z,Please join our movement to expand government waste and fraud.,3,0,0
1900728524664631348,phyllisdawn1982,1900351475445838121,1900351475445838121,listen_2learn,2025-03-15T01:59:28.000Z,"Nothing like protesting for bigger government waste fraud and abuse 
The people are believing all the Politicians  who are lying to keep their Grifts",3,0,0
1902752440354533423,Wait_ItsThatGuy,1900351475445838121,1900351475445838121,listen_2learn,2025-03-20T16:01:47.000Z,"The left is fighting for their parishioners, deacons and priests that operate within their various churches of government.
They hate democracy and they hate the people.",1,0,0
1900558700814774708,WKortepeter,1900351475445838121,1900351475445838121,listen_2learn,2025-03-14T14:44:39.000Z,So they want to “resist” the will of the voters while screaming “hands off our democracy.” ,1,0,2
1900584174639096106,Maga25_Trump,1900351475445838121,1900351475445838121,listen_2learn,2025-03-14T16:25:53.000Z,These people are CRAZY beyond belief,1,0,0
1900357915749548420,America1213_,1900351475445838121,1900351475445838121,listen_2learn,2025-03-14T01:26:48.000Z,"@FBI
 @FBIDirectorKash",0,0,0
1900358890937778345,PennyFarringt14,1900351475445838121,1900351475445838121,listen_2learn,2025-03-14T01:30:41.000Z,"Sad that this loon has no idea what is really happening...she has bought into the wild Dem stories....these people need to be held accountable if they act upon this treasonous act...she likes waste, fraud and abuse in the government? She must be benefitting from the corrupt money",0,0,0
1899586807278231907,reddit_lies,1899586807278231907,None,None,2025-03-11T22:22:42.000Z,What is r/50501 planning?,858,53,66
1899587925593194653,djcows,1899586807278231907,1899586807278231907,reddit_lies,2025-03-11T22:27:08.000Z,"investigate reddit immediately before it's too late 
@FBI
 @SecretService
 @DOGE",26,1,0
1899592340521754665,R89Capital,1899586807278231907,1899586807278231907,reddit_lies,2025-03-11T22:44:41.000Z,"""On the ropes"" with his last $300 billion",3,0,0
1899587299274379512,StarP4t,1899586807278231907,1899586807278231907,reddit_lies,2025-03-11T22:24:39.000Z,"Please investigate Reddit 
@FBI
 and 
@FBIDirectorKash
 .

Reddit is directly tied to tons of calls for violence, is a cesspool of socialist and communist ideology, and China’s tentacles are all over it! 

Reddit is the most important online adversary to freedom and USA past 10 yrs",143,3,3
1899587890746958054,exposedleftism,1899586807278231907,1899586807278231907,reddit_lies,2025-03-11T22:27:00.000Z,They think the richest man in the world who’s best friends with the president is “on the ropes” because of chronically online Redditors…,147,0,4
1899589164816883858,Russkiyyshpion,1899586807278231907,1899586807278231907,reddit_lies,2025-03-11T22:32:04.000Z,"Is this the new, ""Trump is finished!""
""Elon is on the ropes""",75,2,4
1899592069213274215,FreeSpeechRots,1899586807278231907,1899586807278231907,reddit_lies,2025-03-11T22:43:36.000Z,"I'd say this one counts as a thinly veiled call to violence. Same thing as saying ""luigi"" in this context.",75,1,1
1899588277159829656,nate_hannon,1899586807278231907,1899586807278231907,reddit_lies,2025-03-11T22:28:32.000Z,"> vandalizes property and terrorizes owners
> “I can’t believe Elon made us do this”.",46,1,0
1899587721347186843,JohnMcCloy,1899586807278231907,1899586807278231907,reddit_lies,2025-03-11T22:26:20.000Z,You have to love how we have been talking about this forever her they keep this subreddit open..it’s likely all USAID ex employee /Ukranian run.,39,0,1
1899590905717227993,Spyk3O,1899586807278231907,1899586807278231907,reddit_lies,2025-03-11T22:38:59.000Z,In case they hadn't noticed Reddit stock value hasn't had a great month,28,0,2
1899588548891734365,nate_hannon,1899586807278231907,1899586807278231907,reddit_lies,2025-03-11T22:29:37.000Z,"Then what. What happens after Elon is destitute? They realize his assets won’t be redistributed to them, right?",21,0,0
1899587925593194653,djcows,1899586807278231907,1899586807278231907,reddit_lies,2025-03-11T22:27:08.000Z,"investigate reddit immediately before it's too late 
@FBI
 @SecretService
 @DOGE",26,1,0
1899592340521754665,R89Capital,1899586807278231907,1899586807278231907,reddit_lies,2025-03-11T22:44:41.000Z,"""On the ropes"" with his last $300 billion",3,0,0
1899587299274379512,StarP4t,1899586807278231907,1899586807278231907,reddit_lies,2025-03-11T22:24:39.000Z,"Please investigate Reddit 
@FBI
 and 
@FBIDirectorKash
 .

Reddit is directly tied to tons of calls for violence, is a cesspool of socialist and communist ideology, and China’s tentacles are all over it! 

Reddit is the most important online adversary to freedom and USA past 10 yrs",143,3,3
1899587890746958054,exposedleftism,1899586807278231907,1899586807278231907,reddit_lies,2025-03-11T22:27:00.000Z,They think the richest man in the world who’s best friends with the president is “on the ropes” because of chronically online Redditors…,147,0,4
1899589164816883858,Russkiyyshpion,1899586807278231907,1899586807278231907,reddit_lies,2025-03-11T22:32:04.000Z,"Is this the new, ""Trump is finished!""
""Elon is on the ropes""",75,2,4
1899592069213274215,FreeSpeechRots,1899586807278231907,1899586807278231907,reddit_lies,2025-03-11T22:43:36.000Z,"I'd say this one counts as a thinly veiled call to violence. Same thing as saying ""luigi"" in this context.",75,1,1
1899588277159829656,nate_hannon,1899586807278231907,1899586807278231907,reddit_lies,2025-03-11T22:28:32.000Z,"> vandalizes property and terrorizes owners
> “I can’t believe Elon made us do this”.",46,1,0
1899587721347186843,JohnMcCloy,1899586807278231907,1899586807278231907,reddit_lies,2025-03-11T22:26:20.000Z,You have to love how we have been talking about this forever her they keep this subreddit open..it’s likely all USAID ex employee /Ukranian run.,39,0,1
1899590905717227993,Spyk3O,1899586807278231907,1899586807278231907,reddit_lies,2025-03-11T22:38:59.000Z,In case they hadn't noticed Reddit stock value hasn't had a great month,28,0,2
1899588548891734365,nate_hannon,1899586807278231907,1899586807278231907,reddit_lies,2025-03-11T22:29:37.000Z,"Then what. What happens after Elon is destitute? They realize his assets won’t be redistributed to them, right?",21,0,0
1901058354320904226,GeneforTexas,1901058354320904226,None,None,2025-03-15T23:50:06.000Z,"After a long week in Austin, I’m happy to be back in Houston! 

Hate has no place here—our collective power is stronger than any attempt to divide us. 

Proud to stand with the 50501 Movement today at City Hall.",110,8,45
1901062579478282504,TexasBelle,1901058354320904226,1901058354320904226,GeneforTexas,2025-03-16T00:06:53.000Z,That is a sad group of people. Outcasts and ne'er do wells.,9,0,2
1901059550175760833,wreckem66,1901058354320904226,1901058354320904226,GeneforTexas,2025-03-15T23:54:51.000Z,"Man, now that’s a posse. Collective power there. Pink tube top dude must be 
@GeneforTexas
 good buddy.",7,0,3
1901090464180117737,TexusJesus,1901058354320904226,1901058354320904226,GeneforTexas,2025-03-16T01:57:41.000Z,"Houston, as a majority, wants nothing to do with these extremist characters, or those who enable them, by allowing them the platform to pretend that their mental state and physical health is in a positive place. In other words, what the fuck is wrong with you?",5,0,2
1901067245905752185,varisco89,1901058354320904226,1901058354320904226,GeneforTexas,2025-03-16T00:25:26.000Z,Yalls entire group needs 51 50 to be honest,4,0,0
1901134745469083876,LoanNinja,1901058354320904226,1901058354320904226,GeneforTexas,2025-03-16T04:53:39.000Z,These people must hate their A1C levels.,4,0,0
1901071712084431237,Ski_Rich_Burl,1901058354320904226,1901058354320904226,GeneforTexas,2025-03-16T00:43:11.000Z," there's a killer on the road
his brain is squirming like a toad",3,0,0
1901066942795928058,varisco89,1901058354320904226,1901058354320904226,GeneforTexas,2025-03-16T00:24:13.000Z,,2,0,0
1901064976753725878,varisco89,1901058354320904226,1901058354320904226,GeneforTexas,2025-03-16T00:16:25.000Z,"The only hate I see is what is coming from the Democrat party
我看見一個天使從天而降，手裡拿著無底深淵的鑰匙和一條大鎖鏈。他抓住了龍，就是最初的那條蛇，也就是魔鬼撒但，把他捆綁1000年。天使把他扔進無底深淵裡，把深淵封閉，在上面蓋印，使他",1,0,0
1901067834123313382,ThotBuster18,1901058354320904226,1901058354320904226,GeneforTexas,2025-03-16T00:27:46.000Z,"Non American “Hate has no place in Huston”

Me(American): OMW",1,0,0
1901362565709439353,smarkstrickland,1901058354320904226,1901058354320904226,GeneforTexas,2025-03-16T19:58:55.000Z,"Gene Wu, give us the safe word if you need us to rescue you.",1,0,0
1901178298295533802,unburdenedman,1901058354320904226,1901058354320904226,GeneforTexas,2025-03-16T07:46:43.000Z,Leftists are always ugly because they have terrible wretched souls.,0,0,0
1901100790523003130,OilalwaysRises,1901058354320904226,1901058354320904226,GeneforTexas,2025-03-16T02:38:43.000Z,Fine line between love and hate .......,0,0,0
1901072998070972865,LeslieReneeCum1,1901058354320904226,1901058354320904226,GeneforTexas,2025-03-16T00:48:17.000Z,Yall look like a bad costume party.,3,0,2
1901088280357060908,JudgeElihuSmail,1901058354320904226,1901058354320904226,GeneforTexas,2025-03-16T01:49:01.000Z,Darwin’s rejection pile…,3,0,0
1901068045008712184,Dean_Hodgkins,1901058354320904226,1901058354320904226,GeneforTexas,2025-03-16T00:28:36.000Z,What a homely bunch,2,0,1
1901079246929326296,retardedfed,1901058354320904226,1901058354320904226,GeneforTexas,2025-03-16T01:13:07.000Z,Freak show,1,0,0
1901079246929326296,retardedfed,1901058354320904226,1901058354320904226,GeneforTexas,2025-03-16T01:13:07.000Z,Freak show,1,0,0
1901085577232977983,Dallas4ever4,1901058354320904226,1901058354320904226,GeneforTexas,2025-03-16T01:38:16.000Z,I still want to know how you got a split lip.   Party to hard on 6th street,1,0,0
1901094998491214032,james_gonz73117,1901058354320904226,1901058354320904226,GeneforTexas,2025-03-16T02:15:42.000Z,Eat shit you commie loving scumbag,1,0,0
1901165866454024633,TrowTexas,1901058354320904226,1901058354320904226,GeneforTexas,2025-03-16T06:57:19.000Z,You at the fat chick convention?  Nice pink bullhorn!  You go get tea bagged by one of those limp wristed guys in that pic?,1,0,0
1897070804564652523,FrontlinesTPUSA,1897070804564652523,None,None,2025-03-04T23:45:00.000Z,"NEW: Protesters gathered in Los Angeles, Phoenix, and other major cities across the nation to “March Fourth Against Monarchy.” This is the latest in a series of demonstrations against 
@elonmusk
 and 
@DOGE
 as part of the 50501 movement.
@TPUSA
 | 
@BrandonDrey
 | 
@fromkalen",15,6,16
1897076625336041628,BrandonDrey,1897070804564652523,1897070804564652523,FrontlinesTPUSA,2025-03-05T00:08:08.000Z,Low-energy in California today.,1,0,0
1897077520396378481,FreedomStrummer,1897070804564652523,1897070804564652523,FrontlinesTPUSA,2025-03-05T00:11:41.000Z,All government workers!  Mad they have to work now.,6,0,0
1897080477162594451,StevenO99165295,1897070804564652523,1897070804564652523,FrontlinesTPUSA,2025-03-05T00:23:26.000Z,Socialists they just rebrand themselves.,4,0,0
1897073576592990699,alex_freeminds,1897070804564652523,1897070804564652523,FrontlinesTPUSA,2025-03-04T23:56:01.000Z,Small crowds,3,0,0
1897086530226987482,loriholliday133,1897070804564652523,1897070804564652523,FrontlinesTPUSA,2025-03-05T00:47:29.000Z,"No preprinted signs handed out by USAID. These clowns have to make their own now, and they're pathetic",2,0,0
1897071543320240583,Shea1Mike,1897070804564652523,1897070804564652523,FrontlinesTPUSA,2025-03-04T23:47:56.000Z, this is not news. C’mon. Look at this.,1,0,0
1897082387659678088,JohnH35414679,1897070804564652523,1897070804564652523,FrontlinesTPUSA,2025-03-05T00:31:01.000Z,Who's going to tell them they can actually read the Constitution themselves? And that it might be a good idea to read it?,1,0,0
1897074137128165394,thelittlecujo,1897070804564652523,1897070804564652523,FrontlinesTPUSA,2025-03-04T23:58:14.000Z,This is embarrassing,6,0,0
1897399229443887585,twiddlebug1,1897070804564652523,1897070804564652523,FrontlinesTPUSA,2025-03-05T21:30:02.000Z,These people are moron …,4,0,0
1897076625336041628,BrandonDrey,1897070804564652523,1897070804564652523,FrontlinesTPUSA,2025-03-05T00:08:08.000Z,Low-energy in California today.,1,0,0
1897077520396378481,FreedomStrummer,1897070804564652523,1897070804564652523,FrontlinesTPUSA,2025-03-05T00:11:41.000Z,All government workers!  Mad they have to work now.,6,0,0
1897080477162594451,StevenO99165295,1897070804564652523,1897070804564652523,FrontlinesTPUSA,2025-03-05T00:23:26.000Z,Socialists they just rebrand themselves.,4,0,0
1897073576592990699,alex_freeminds,1897070804564652523,1897070804564652523,FrontlinesTPUSA,2025-03-04T23:56:01.000Z,Small crowds,3,0,0
1897086530226987482,loriholliday133,1897070804564652523,1897070804564652523,FrontlinesTPUSA,2025-03-05T00:47:29.000Z,"No preprinted signs handed out by USAID. These clowns have to make their own now, and they're pathetic",2,0,0
1897071543320240583,Shea1Mike,1897070804564652523,1897070804564652523,FrontlinesTPUSA,2025-03-04T23:47:56.000Z, this is not news. C’mon. Look at this.,1,0,0
1897082387659678088,JohnH35414679,1897070804564652523,1897070804564652523,FrontlinesTPUSA,2025-03-05T00:31:01.000Z,Who's going to tell them they can actually read the Constitution themselves? And that it might be a good idea to read it?,1,0,0
1897074137128165394,thelittlecujo,1897070804564652523,1897070804564652523,FrontlinesTPUSA,2025-03-04T23:58:14.000Z,This is embarrassing,6,0,0
1897399229443887585,twiddlebug1,1897070804564652523,1897070804564652523,FrontlinesTPUSA,2025-03-05T21:30:02.000Z,These people are moron …,4,0,0
1897076625336041628,BrandonDrey,1897070804564652523,1897070804564652523,FrontlinesTPUSA,2025-03-05T00:08:08.000Z,Low-energy in California today.,1,0,0
1897077520396378481,FreedomStrummer,1897070804564652523,1897070804564652523,FrontlinesTPUSA,2025-03-05T00:11:41.000Z,All government workers!  Mad they have to work now.,6,0,0
1901102035203711170,tc50501,1901102035203711170,None,None,2025-03-16T02:43:40.000Z," Can one person create an entire film using only AI tools from home? YES!

I challenged myself—after dreaming for 30 years—to produce a 5-min short film in just 3 months, entirely on my PC.

Check out the thrilling trailer of 『MERGE』

https://youtube.com/watch?v=BQa1wOdCSqc&t=4s…",5,0,1
1901656338368745651,AI_forDevs,1901102035203711170,1901102035203711170,tc50501,2025-03-17T15:26:16.000Z,Making a full film with AI in 3 months is wild—huge props! We’d love to know: which AI tools were your MVPs for scripting or editing?,0,0,0
1901656338368745651,AI_forDevs,1901102035203711170,1901102035203711170,tc50501,2025-03-17T15:26:16.000Z,Making a full film with AI in 3 months is wild—huge props! We’d love to know: which AI tools were your MVPs for scripting or editing?,0,0,0
1901656338368745651,AI_forDevs,1901102035203711170,1901102035203711170,tc50501,2025-03-17T15:26:16.000Z,Making a full film with AI in 3 months is wild—huge props! We’d love to know: which AI tools were your MVPs for scripting or editing?,0,0,0
1901656338368745651,AI_forDevs,1901102035203711170,1901102035203711170,tc50501,2025-03-17T15:26:16.000Z,Making a full film with AI in 3 months is wild—huge props! We’d love to know: which AI tools were your MVPs for scripting or editing?,0,0,0
1901656338368745651,AI_forDevs,1901102035203711170,1901102035203711170,tc50501,2025-03-17T15:26:16.000Z,Making a full film with AI in 3 months is wild—huge props! We’d love to know: which AI tools were your MVPs for scripting or editing?,0,0,0
1901656338368745651,AI_forDevs,1901102035203711170,1901102035203711170,tc50501,2025-03-17T15:26:16.000Z,Making a full film with AI in 3 months is wild—huge props! We’d love to know: which AI tools were your MVPs for scripting or editing?,0,0,0
1901656338368745651,AI_forDevs,1901102035203711170,1901102035203711170,tc50501,2025-03-17T15:26:16.000Z,Making a full film with AI in 3 months is wild—huge props! We’d love to know: which AI tools were your MVPs for scripting or editing?,0,0,0
1901656338368745651,AI_forDevs,1901102035203711170,1901102035203711170,tc50501,2025-03-17T15:26:16.000Z,Making a full film with AI in 3 months is wild—huge props! We’d love to know: which AI tools were your MVPs for scripting or editing?,0,0,0
1901656338368745651,AI_forDevs,1901102035203711170,1901102035203711170,tc50501,2025-03-17T15:26:16.000Z,Making a full film with AI in 3 months is wild—huge props! We’d love to know: which AI tools were your MVPs for scripting or editing?,0,0,0
1901656338368745651,AI_forDevs,1901102035203711170,1901102035203711170,tc50501,2025-03-17T15:26:16.000Z,Making a full film with AI in 3 months is wild—huge props! We’d love to know: which AI tools were your MVPs for scripting or editing?,0,0,0
1901662481065328640,ExtremeMichigan,1901662481065328640,None,None,2025-03-17T15:50:41.000Z,"Women's March, 50501, Indivisible and others are planning a huge rally in DC on April 5, 2025. There will also be protests at all 50 state capitols if you can't make it to DC. Get it on your calendar. Make travel plans. See you there. https://womensmarch.com/initiatives/peoples-veto-day-washington-d-c…",11,7,2
1901668585979732449,ExtremeMichigan,1901662481065328640,1901662481065328640,ExtremeMichigan,2025-03-17T16:14:56.000Z," We need groups like 
@MEAOnline
, 
@MichiganDems
, 
@ACLUofMichigan
, 
@UAW
, 
@WashtenawDems
, 
@KentDems
, 
@OaklandDems
, 
@ActionEqmi
, 
@PPact
, 
@ProgressMich
, etc. getting behind the April 5 protests. Promote. Recruit. Provide speakers. Organize buses. We're counting on you.",0,0,0
1901671055489429713,ExtremeMichigan,1901662481065328640,1901662481065328640,ExtremeMichigan,2025-03-17T16:24:45.000Z,"If you don't see your favorite union, democratic party organization, progressive non-profit, pro-democracy activist group, etc. on the list of partner orgs, reach out to them and ask them to get involved.",1,1,0
1903062317442666671,ExtremeMichigan,1901662481065328640,1901662481065328640,ExtremeMichigan,2025-03-21T12:33:08.000Z,The Horror Inside the Salvadoran Prisons Where Trump Is Sending Migrants,9,7,0
1901668585979732449,ExtremeMichigan,1901662481065328640,1901662481065328640,ExtremeMichigan,2025-03-17T16:14:56.000Z," We need groups like 
@MEAOnline
, 
@MichiganDems
, 
@ACLUofMichigan
, 
@UAW
, 
@WashtenawDems
, 
@KentDems
, 
@OaklandDems
, 
@ActionEqmi
, 
@PPact
, 
@ProgressMich
, etc. getting behind the April 5 protests. Promote. Recruit. Provide speakers. Organize buses. We're counting on you.",0,0,0
1901671055489429713,ExtremeMichigan,1901662481065328640,1901662481065328640,ExtremeMichigan,2025-03-17T16:24:45.000Z,"If you don't see your favorite union, democratic party organization, progressive non-profit, pro-democracy activist group, etc. on the list of partner orgs, reach out to them and ask them to get involved.",1,1,0
1903062317442666671,ExtremeMichigan,1901662481065328640,1901662481065328640,ExtremeMichigan,2025-03-21T12:33:08.000Z,The Horror Inside the Salvadoran Prisons Where Trump Is Sending Migrants,9,7,0
1901668585979732449,ExtremeMichigan,1901662481065328640,1901662481065328640,ExtremeMichigan,2025-03-17T16:14:56.000Z," We need groups like 
@MEAOnline
, 
@MichiganDems
, 
@ACLUofMichigan
, 
@UAW
, 
@WashtenawDems
, 
@KentDems
, 
@OaklandDems
, 
@ActionEqmi
, 
@PPact
, 
@ProgressMich
, etc. getting behind the April 5 protests. Promote. Recruit. Provide speakers. Organize buses. We're counting on you.",0,0,0
1901671055489429713,ExtremeMichigan,1901662481065328640,1901662481065328640,ExtremeMichigan,2025-03-17T16:24:45.000Z,"If you don't see your favorite union, democratic party organization, progressive non-profit, pro-democracy activist group, etc. on the list of partner orgs, reach out to them and ask them to get involved.",1,1,0
1903062317442666671,ExtremeMichigan,1901662481065328640,1901662481065328640,ExtremeMichigan,2025-03-21T12:33:08.000Z,The Horror Inside the Salvadoran Prisons Where Trump Is Sending Migrants,9,7,0
1901668585979732449,ExtremeMichigan,1901662481065328640,1901662481065328640,ExtremeMichigan,2025-03-17T16:14:56.000Z," We need groups like 
@MEAOnline
, 
@MichiganDems
, 
@ACLUofMichigan
, 
@UAW
, 
@WashtenawDems
, 
@KentDems
, 
@OaklandDems
, 
@ActionEqmi
, 
@PPact
, 
@ProgressMich
, etc. getting behind the April 5 protests. Promote. Recruit. Provide speakers. Organize buses. We're counting on you.",0,0,0
1901671055489429713,ExtremeMichigan,1901662481065328640,1901662481065328640,ExtremeMichigan,2025-03-17T16:24:45.000Z,"If you don't see your favorite union, democratic party organization, progressive non-profit, pro-democracy activist group, etc. on the list of partner orgs, reach out to them and ask them to get involved.",1,1,0
1903062317442666671,ExtremeMichigan,1901662481065328640,1901662481065328640,ExtremeMichigan,2025-03-21T12:33:08.000Z,The Horror Inside the Salvadoran Prisons Where Trump Is Sending Migrants,9,7,0
1901668585979732449,ExtremeMichigan,1901662481065328640,1901662481065328640,ExtremeMichigan,2025-03-17T16:14:56.000Z," We need groups like 
@MEAOnline
, 
@MichiganDems
, 
@ACLUofMichigan
, 
@UAW
, 
@WashtenawDems
, 
@KentDems
, 
@OaklandDems
, 
@ActionEqmi
, 
@PPact
, 
@ProgressMich
, etc. getting behind the April 5 protests. Promote. Recruit. Provide speakers. Organize buses. We're counting on you.",0,0,0
1901671055489429713,ExtremeMichigan,1901662481065328640,1901662481065328640,ExtremeMichigan,2025-03-17T16:24:45.000Z,"If you don't see your favorite union, democratic party organization, progressive non-profit, pro-democracy activist group, etc. on the list of partner orgs, reach out to them and ask them to get involved.",1,1,0
1903062317442666671,ExtremeMichigan,1901662481065328640,1901662481065328640,ExtremeMichigan,2025-03-21T12:33:08.000Z,The Horror Inside the Salvadoran Prisons Where Trump Is Sending Migrants,9,7,0
1901668585979732449,ExtremeMichigan,1901662481065328640,1901662481065328640,ExtremeMichigan,2025-03-17T16:14:56.000Z," We need groups like 
@MEAOnline
, 
@MichiganDems
, 
@ACLUofMichigan
, 
@UAW
, 
@WashtenawDems
, 
@KentDems
, 
@OaklandDems
, 
@ActionEqmi
, 
@PPact
, 
@ProgressMich
, etc. getting behind the April 5 protests. Promote. Recruit. Provide speakers. Organize buses. We're counting on you.",0,0,0
1901671055489429713,ExtremeMichigan,1901662481065328640,1901662481065328640,ExtremeMichigan,2025-03-17T16:24:45.000Z,"If you don't see your favorite union, democratic party organization, progressive non-profit, pro-democracy activist group, etc. on the list of partner orgs, reach out to them and ask them to get involved.",1,1,0
1903062317442666671,ExtremeMichigan,1901662481065328640,1901662481065328640,ExtremeMichigan,2025-03-21T12:33:08.000Z,The Horror Inside the Salvadoran Prisons Where Trump Is Sending Migrants,9,7,0
1901668585979732449,ExtremeMichigan,1901662481065328640,1901662481065328640,ExtremeMichigan,2025-03-17T16:14:56.000Z," We need groups like 
@MEAOnline
, 
@MichiganDems
, 
@ACLUofMichigan
, 
@UAW
, 
@WashtenawDems
, 
@KentDems
, 
@OaklandDems
, 
@ActionEqmi
, 
@PPact
, 
@ProgressMich
, etc. getting behind the April 5 protests. Promote. Recruit. Provide speakers. Organize buses. We're counting on you.",0,0,0
1901671055489429713,ExtremeMichigan,1901662481065328640,1901662481065328640,ExtremeMichigan,2025-03-17T16:24:45.000Z,"If you don't see your favorite union, democratic party organization, progressive non-profit, pro-democracy activist group, etc. on the list of partner orgs, reach out to them and ask them to get involved.",1,1,0
1901664744081064133,LilMissRogue,1901664744081064133,None,None,2025-03-17T15:59:40.000Z,"I've been researching democratic protest organizations in NM...here's some info I found. You can find them on FB. Indivisible Alb Events & Actions, the 50501 Movement, & Eldorado Area Democrats",42,20,3
1901767528919298508,AuntieBarnes,1901664744081064133,1901664744081064133,LilMissRogue,2025-03-17T22:48:06.000Z,"Thank You 
Excellent work.",2,0,1
1901767772901679107,LilMissRogue,1901664744081064133,1901664744081064133,LilMissRogue,2025-03-17T22:49:04.000Z,"We need to shut this ""indivisible"" movement down!",5,2,1
1901826521133699371,WSmyamerica,1901664744081064133,1901664744081064133,LilMissRogue,2025-03-18T02:42:31.000Z,,0,0,0
1901827099381645344,WSmyamerica,1901664744081064133,1901664744081064133,LilMissRogue,2025-03-18T02:44:49.000Z,,0,0,0
1901767528919298508,AuntieBarnes,1901664744081064133,1901664744081064133,LilMissRogue,2025-03-17T22:48:06.000Z,"Thank You 
Excellent work.",2,0,1
1901767772901679107,LilMissRogue,1901664744081064133,1901664744081064133,LilMissRogue,2025-03-17T22:49:04.000Z,"We need to shut this ""indivisible"" movement down!",5,2,1
1901826521133699371,WSmyamerica,1901664744081064133,1901664744081064133,LilMissRogue,2025-03-18T02:42:31.000Z,,0,0,0
1901827099381645344,WSmyamerica,1901664744081064133,1901664744081064133,LilMissRogue,2025-03-18T02:44:49.000Z,,0,0,0
1901767528919298508,AuntieBarnes,1901664744081064133,1901664744081064133,LilMissRogue,2025-03-17T22:48:06.000Z,"Thank You 
Excellent work.",2,0,1
1901767772901679107,LilMissRogue,1901664744081064133,1901664744081064133,LilMissRogue,2025-03-17T22:49:04.000Z,"We need to shut this ""indivisible"" movement down!",5,2,1
1901826521133699371,WSmyamerica,1901664744081064133,1901664744081064133,LilMissRogue,2025-03-18T02:42:31.000Z,,0,0,0
1901827099381645344,WSmyamerica,1901664744081064133,1901664744081064133,LilMissRogue,2025-03-18T02:44:49.000Z,,0,0,0
1901767528919298508,AuntieBarnes,1901664744081064133,1901664744081064133,LilMissRogue,2025-03-17T22:48:06.000Z,"Thank You 
Excellent work.",2,0,1
1901767772901679107,LilMissRogue,1901664744081064133,1901664744081064133,LilMissRogue,2025-03-17T22:49:04.000Z,"We need to shut this ""indivisible"" movement down!",5,2,1
1901826521133699371,WSmyamerica,1901664744081064133,1901664744081064133,LilMissRogue,2025-03-18T02:42:31.000Z,,0,0,0
1901827099381645344,WSmyamerica,1901664744081064133,1901664744081064133,LilMissRogue,2025-03-18T02:44:49.000Z,,0,0,0
1901767528919298508,AuntieBarnes,1901664744081064133,1901664744081064133,LilMissRogue,2025-03-17T22:48:06.000Z,"Thank You 
Excellent work.",2,0,1
1901767772901679107,LilMissRogue,1901664744081064133,1901664744081064133,LilMissRogue,2025-03-17T22:49:04.000Z,"We need to shut this ""indivisible"" movement down!",5,2,1
1901826521133699371,WSmyamerica,1901664744081064133,1901664744081064133,LilMissRogue,2025-03-18T02:42:31.000Z,,0,0,0
1901827099381645344,WSmyamerica,1901664744081064133,1901664744081064133,LilMissRogue,2025-03-18T02:44:49.000Z,,0,0,0
1898145725533634993,KristiTalmadge,1898145725533634993,None,None,2025-03-07T22:56:21.000Z," FREE SPEECH AND CHRISTIANS UNDER ATTACK BY AG WILLIAM TONG AND DEMOCRATS IN CONNECTICUT:

A peaceful Christian prolife street preacher was attacked during 
@AGWilliamTong
's speech at the ""50501: The People's Movement"" Rally on March 4th.

The ""Progressive"" Rally took place on",51,37,9
1898285046827491806,mRNA_Madness,1898145725533634993,1898145725533634993,KristiTalmadge,2025-03-08T08:09:58.000Z,Tonger is a danger to Connecticut and a threat to democracy.,3,0,1
1898287899470098586,KristiTalmadge,1898145725533634993,1898145725533634993,KristiTalmadge,2025-03-08T08:21:18.000Z,I agree. He blatantly tramples on people's Constitutional rights.,3,0,0
1898147812669546847,SumoOrange1776,1898145725533634993,1898145725533634993,KristiTalmadge,2025-03-07T23:04:39.000Z,Christians in CT need really need need to go to the polls.   It should have started after Sandy Hook when Malloy wanted to curtail homeschooler's freedoms. How soon will it before they try to shut down churches that don't preach the approved democrat gosple?,6,2,1
1898285046827491806,mRNA_Madness,1898145725533634993,1898145725533634993,KristiTalmadge,2025-03-08T08:09:58.000Z,Tonger is a danger to Connecticut and a threat to democracy.,3,0,1
1898287899470098586,KristiTalmadge,1898145725533634993,1898145725533634993,KristiTalmadge,2025-03-08T08:21:18.000Z,I agree. He blatantly tramples on people's Constitutional rights.,3,0,0
1898147812669546847,SumoOrange1776,1898145725533634993,1898145725533634993,KristiTalmadge,2025-03-07T23:04:39.000Z,Christians in CT need really need need to go to the polls.   It should have started after Sandy Hook when Malloy wanted to curtail homeschooler's freedoms. How soon will it before they try to shut down churches that don't preach the approved democrat gosple?,6,2,1
1898285046827491806,mRNA_Madness,1898145725533634993,1898145725533634993,KristiTalmadge,2025-03-08T08:09:58.000Z,Tonger is a danger to Connecticut and a threat to democracy.,3,0,1
1898287899470098586,KristiTalmadge,1898145725533634993,1898145725533634993,KristiTalmadge,2025-03-08T08:21:18.000Z,I agree. He blatantly tramples on people's Constitutional rights.,3,0,0
1898147812669546847,SumoOrange1776,1898145725533634993,1898145725533634993,KristiTalmadge,2025-03-07T23:04:39.000Z,Christians in CT need really need need to go to the polls.   It should have started after Sandy Hook when Malloy wanted to curtail homeschooler's freedoms. How soon will it before they try to shut down churches that don't preach the approved democrat gosple?,6,2,1
1898285046827491806,mRNA_Madness,1898145725533634993,1898145725533634993,KristiTalmadge,2025-03-08T08:09:58.000Z,Tonger is a danger to Connecticut and a threat to democracy.,3,0,1
1898287899470098586,KristiTalmadge,1898145725533634993,1898145725533634993,KristiTalmadge,2025-03-08T08:21:18.000Z,I agree. He blatantly tramples on people's Constitutional rights.,3,0,0
1898147812669546847,SumoOrange1776,1898145725533634993,1898145725533634993,KristiTalmadge,2025-03-07T23:04:39.000Z,Christians in CT need really need need to go to the polls.   It should have started after Sandy Hook when Malloy wanted to curtail homeschooler's freedoms. How soon will it before they try to shut down churches that don't preach the approved democrat gosple?,6,2,1
1898285046827491806,mRNA_Madness,1898145725533634993,1898145725533634993,KristiTalmadge,2025-03-08T08:09:58.000Z,Tonger is a danger to Connecticut and a threat to democracy.,3,0,1
1898287899470098586,KristiTalmadge,1898145725533634993,1898145725533634993,KristiTalmadge,2025-03-08T08:21:18.000Z,I agree. He blatantly tramples on people's Constitutional rights.,3,0,0
1898147812669546847,SumoOrange1776,1898145725533634993,1898145725533634993,KristiTalmadge,2025-03-07T23:04:39.000Z,Christians in CT need really need need to go to the polls.   It should have started after Sandy Hook when Malloy wanted to curtail homeschooler's freedoms. How soon will it before they try to shut down churches that don't preach the approved democrat gosple?,6,2,1
1898285046827491806,mRNA_Madness,1898145725533634993,1898145725533634993,KristiTalmadge,2025-03-08T08:09:58.000Z,Tonger is a danger to Connecticut and a threat to democracy.,3,0,1
1898287899470098586,KristiTalmadge,1898145725533634993,1898145725533634993,KristiTalmadge,2025-03-08T08:21:18.000Z,I agree. He blatantly tramples on people's Constitutional rights.,3,0,0
1898147812669546847,SumoOrange1776,1898145725533634993,1898145725533634993,KristiTalmadge,2025-03-07T23:04:39.000Z,Christians in CT need really need need to go to the polls.   It should have started after Sandy Hook when Malloy wanted to curtail homeschooler's freedoms. How soon will it before they try to shut down churches that don't preach the approved democrat gosple?,6,2,1
1898285046827491806,mRNA_Madness,1898145725533634993,1898145725533634993,KristiTalmadge,2025-03-08T08:09:58.000Z,Tonger is a danger to Connecticut and a threat to democracy.,3,0,1
1898287899470098586,KristiTalmadge,1898145725533634993,1898145725533634993,KristiTalmadge,2025-03-08T08:21:18.000Z,I agree. He blatantly tramples on people's Constitutional rights.,3,0,0
1898491993455771771,arizona_bonnie,1898491993455771771,None,None,2025-03-08T21:52:18.000Z,"Gorgeous weather, meaningful gathering in #Phoenix 
#InternationalWomensDay2025 
#50501 #IndivisibleAZ",12,1,0
1898436460614664618,TheCharlesDowns,1898436460614664618,None,None,2025-03-08T18:11:38.000Z,"Today is the first Saturday in months without protests in Washington, D.C. Bernie Sanders is spending the weekend in Wisconsin and Michigan, speaking at events alongside UAW President Shawn Fain. 50501, an organization composed of former Sanders staffers, and the UAW have been",35,15,6
1898438562543976599,LoomersFanClub,1898436460614664618,1898436460614664618,TheCharlesDowns,2025-03-08T18:19:59.000Z,"The United States Attorney General 

Bill Blondi",2,0,0
1898438195844350292,JamesDouglasMa5,1898436460614664618,1898436460614664618,TheCharlesDowns,2025-03-08T18:18:31.000Z,,1,0,0
1898444283461456233,wuz_dis_button,1898436460614664618,1898436460614664618,TheCharlesDowns,2025-03-08T18:42:43.000Z,Why kind of psychos have anti-our president protest when said president has an approval rating that is over twice theirs?,2,0,0
1898438562543976599,LoomersFanClub,1898436460614664618,1898436460614664618,TheCharlesDowns,2025-03-08T18:19:59.000Z,"The United States Attorney General 

Bill Blondi",2,0,0
1898438195844350292,JamesDouglasMa5,1898436460614664618,1898436460614664618,TheCharlesDowns,2025-03-08T18:18:31.000Z,,1,0,0
1898444283461456233,wuz_dis_button,1898436460614664618,1898436460614664618,TheCharlesDowns,2025-03-08T18:42:43.000Z,Why kind of psychos have anti-our president protest when said president has an approval rating that is over twice theirs?,2,0,0
1898438562543976599,LoomersFanClub,1898436460614664618,1898436460614664618,TheCharlesDowns,2025-03-08T18:19:59.000Z,"The United States Attorney General 

Bill Blondi",2,0,0
1898438195844350292,JamesDouglasMa5,1898436460614664618,1898436460614664618,TheCharlesDowns,2025-03-08T18:18:31.000Z,,1,0,0
1898444283461456233,wuz_dis_button,1898436460614664618,1898436460614664618,TheCharlesDowns,2025-03-08T18:42:43.000Z,Why kind of psychos have anti-our president protest when said president has an approval rating that is over twice theirs?,2,0,0
1898438562543976599,LoomersFanClub,1898436460614664618,1898436460614664618,TheCharlesDowns,2025-03-08T18:19:59.000Z,"The United States Attorney General 

Bill Blondi",2,0,0
1898488169529569548,Niatross44,1898436460614664618,1898436460614664618,TheCharlesDowns,2025-03-08T21:37:06.000Z,"Flip Wisconsin Red

#zelena #helena #helevier #tommavi #shailenzo #GranHermano #GrandeFratello",2,0,0
1898438195844350292,JamesDouglasMa5,1898436460614664618,1898436460614664618,TheCharlesDowns,2025-03-08T18:18:31.000Z,,1,0,0
1898444283461456233,wuz_dis_button,1898436460614664618,1898436460614664618,TheCharlesDowns,2025-03-08T18:42:43.000Z,Why kind of psychos have anti-our president protest when said president has an approval rating that is over twice theirs?,2,0,0
1898438562543976599,LoomersFanClub,1898436460614664618,1898436460614664618,TheCharlesDowns,2025-03-08T18:19:59.000Z,"The United States Attorney General 

Bill Blondi",2,0,0
1898438195844350292,JamesDouglasMa5,1898436460614664618,1898436460614664618,TheCharlesDowns,2025-03-08T18:18:31.000Z,,1,0,0
1898444283461456233,wuz_dis_button,1898436460614664618,1898436460614664618,TheCharlesDowns,2025-03-08T18:42:43.000Z,Why kind of psychos have anti-our president protest when said president has an approval rating that is over twice theirs?,2,0,0
1898438562543976599,LoomersFanClub,1898436460614664618,1898436460614664618,TheCharlesDowns,2025-03-08T18:19:59.000Z,"The United States Attorney General 

Bill Blondi",2,0,0
1898488169529569548,Niatross44,1898436460614664618,1898436460614664618,TheCharlesDowns,2025-03-08T21:37:06.000Z,"Flip Wisconsin Red

#zelena #helena #helevier #tommavi #shailenzo #GranHermano #GrandeFratello",2,0,0
1898438195844350292,JamesDouglasMa5,1898436460614664618,1898436460614664618,TheCharlesDowns,2025-03-08T18:18:31.000Z,,1,0,0
1898444283461456233,wuz_dis_button,1898436460614664618,1898436460614664618,TheCharlesDowns,2025-03-08T18:42:43.000Z,Why kind of psychos have anti-our president protest when said president has an approval rating that is over twice theirs?,2,0,0
1897397977599332436,reddit_lies,1897397977599332436,None,None,2025-03-05T21:25:04.000Z,"Reddit is going to start warning users who upvote lots of content that promote violence.

r/50501 users are going to be furious.",548,36,52
1897406135361257624,CisSiberian,1897397977599332436,1897397977599332436,reddit_lies,2025-03-05T21:57:29.000Z,Reddit has become completely unhinged since Trump got back into office. People are openly calling for Trump and Elon to be killed. I wouldn't be surprised if Reddit got a visit from the Secret Service.,41,1,1
1897429833799323682,reddit_lies,1897397977599332436,1897397977599332436,reddit_lies,2025-03-05T23:31:39.000Z,Hundreds of times per week if not more. It’s a huge issue.,16,1,1
1897399493609578563,imgoingtoduck,1897397977599332436,1897397977599332436,reddit_lies,2025-03-05T21:31:05.000Z,"Trying to make the behavior of supporting violent content undesirable, but not making the behavior of *posting* violent content undesirable. Certainly a bizarre choice",30,1,2
1897398907585647041,SJLanzi,1897397977599332436,1897397977599332436,reddit_lies,2025-03-05T21:28:46.000Z,"Good policy, only problem is that it's inevitable Reddit admins will only use it to harass conservative users more.",12,0,0
1897400105013293143,StarSpangledRoy,1897397977599332436,1897397977599332436,reddit_lies,2025-03-05T21:33:31.000Z,"As always, Reddit admins only begin to act when there's a chance they'll get in trouble with the law.",10,0,0
1897399785059193242,fictitiousfruit,1897397977599332436,1897397977599332436,reddit_lies,2025-03-05T21:32:15.000Z,Well it’s only a matter of time until that is abused to mean “any content we don’t like that you interact with.” The issue isn’t just users or mods it’s also overzealous admins trying to dictate online discourse.,7,0,1
1897398716275024199,ZaBesdomny,1897397977599332436,1897397977599332436,reddit_lies,2025-03-05T21:28:00.000Z,"""exposure to bad content"" and ""ensure that our ecosytem is healthy""  - sounds alarming",4,0,0
1897405696033087621,Erebous227455,1897397977599332436,1897397977599332436,reddit_lies,2025-03-05T21:55:44.000Z,Maybe they should be warning the fbi about users who upvote lots of content that promotes violence...,5,0,1
1897399475863482518,HAlipps1,1897397977599332436,1897397977599332436,reddit_lies,2025-03-05T21:31:01.000Z,"Same /redditsafety group says it fully investigated itself and found no problems. The fox found no problems in the chicken house, nothing to see here.",4,0,0
1897402263783817671,cbrblly,1897397977599332436,1897397977599332436,reddit_lies,2025-03-05T21:42:06.000Z,"The ""we actually support it but want people to think we don't"" approach.",4,0,0
1897406135361257624,CisSiberian,1897397977599332436,1897397977599332436,reddit_lies,2025-03-05T21:57:29.000Z,Reddit has become completely unhinged since Trump got back into office. People are openly calling for Trump and Elon to be killed. I wouldn't be surprised if Reddit got a visit from the Secret Service.,41,1,1
1897429833799323682,reddit_lies,1897397977599332436,1897397977599332436,reddit_lies,2025-03-05T23:31:39.000Z,Hundreds of times per week if not more. It’s a huge issue.,16,1,1
1897399493609578563,imgoingtoduck,1897397977599332436,1897397977599332436,reddit_lies,2025-03-05T21:31:05.000Z,"Trying to make the behavior of supporting violent content undesirable, but not making the behavior of *posting* violent content undesirable. Certainly a bizarre choice",30,1,2
1897398907585647041,SJLanzi,1897397977599332436,1897397977599332436,reddit_lies,2025-03-05T21:28:46.000Z,"Good policy, only problem is that it's inevitable Reddit admins will only use it to harass conservative users more.",12,0,0
1897400105013293143,StarSpangledRoy,1897397977599332436,1897397977599332436,reddit_lies,2025-03-05T21:33:31.000Z,"As always, Reddit admins only begin to act when there's a chance they'll get in trouble with the law.",10,0,0
1897399785059193242,fictitiousfruit,1897397977599332436,1897397977599332436,reddit_lies,2025-03-05T21:32:15.000Z,Well it’s only a matter of time until that is abused to mean “any content we don’t like that you interact with.” The issue isn’t just users or mods it’s also overzealous admins trying to dictate online discourse.,7,0,1
1897398716275024199,ZaBesdomny,1897397977599332436,1897397977599332436,reddit_lies,2025-03-05T21:28:00.000Z,"""exposure to bad content"" and ""ensure that our ecosytem is healthy""  - sounds alarming",4,0,0
1897405696033087621,Erebous227455,1897397977599332436,1897397977599332436,reddit_lies,2025-03-05T21:55:44.000Z,Maybe they should be warning the fbi about users who upvote lots of content that promotes violence...,5,0,1
1897399475863482518,HAlipps1,1897397977599332436,1897397977599332436,reddit_lies,2025-03-05T21:31:01.000Z,"Same /redditsafety group says it fully investigated itself and found no problems. The fox found no problems in the chicken house, nothing to see here.",4,0,0
1897402263783817671,cbrblly,1897397977599332436,1897397977599332436,reddit_lies,2025-03-05T21:42:06.000Z,"The ""we actually support it but want people to think we don't"" approach.",4,0,0
1897854984026198372,FoxBrambleFarm,1897854984026198372,None,None,2025-03-07T03:41:03.000Z,"If you've been wanting to get out there and protest, the 50501 Reddit group is an invaluable resource. Their next nationwide protest in every state capitol is April 5th. Lots of info on other protests, as well as resistance resources and support.",38,27,2
1898564793092698150,idiotbluebell,1897854984026198372,1897854984026198372,FoxBrambleFarm,2025-03-09T02:41:34.000Z,I'm glad this is on a weekend.,0,0,0
1898564793092698150,idiotbluebell,1897854984026198372,1897854984026198372,FoxBrambleFarm,2025-03-09T02:41:34.000Z,I'm glad this is on a weekend.,0,0,0
1898564793092698150,idiotbluebell,1897854984026198372,1897854984026198372,FoxBrambleFarm,2025-03-09T02:41:34.000Z,I'm glad this is on a weekend.,0,0,0
1898564793092698150,idiotbluebell,1897854984026198372,1897854984026198372,FoxBrambleFarm,2025-03-09T02:41:34.000Z,I'm glad this is on a weekend.,0,0,0
1898564793092698150,idiotbluebell,1897854984026198372,1897854984026198372,FoxBrambleFarm,2025-03-09T02:41:34.000Z,I'm glad this is on a weekend.,0,0,0
1898564793092698150,idiotbluebell,1897854984026198372,1897854984026198372,FoxBrambleFarm,2025-03-09T02:41:34.000Z,I'm glad this is on a weekend.,0,0,0
1898564793092698150,idiotbluebell,1897854984026198372,1897854984026198372,FoxBrambleFarm,2025-03-09T02:41:34.000Z,I'm glad this is on a weekend.,0,0,0
1898564793092698150,idiotbluebell,1897854984026198372,1897854984026198372,FoxBrambleFarm,2025-03-09T02:41:34.000Z,I'm glad this is on a weekend.,0,0,0
1898564793092698150,idiotbluebell,1897854984026198372,1897854984026198372,FoxBrambleFarm,2025-03-09T02:41:34.000Z,I'm glad this is on a weekend.,0,0,0
1898564793092698150,idiotbluebell,1897854984026198372,1897854984026198372,FoxBrambleFarm,2025-03-09T02:41:34.000Z,I'm glad this is on a weekend.,0,0,0
1901013295227601043,KTVB,1901013295227601043,None,None,2025-03-15T20:51:03.000Z,"'Remove, reverse and reclaim': 50501 protest at Idaho Capitol",26,2,16
1901112853731701136,AmbroseElaine,1901013295227601043,1901013295227601043,KTVB,2025-03-16T03:26:39.000Z,They should have made sandwiches for all the extra police officers who had to be there to ensure safety at the “protest.”,2,0,1
1901142472681574456,jpnevt,1901013295227601043,1901013295227601043,KTVB,2025-03-16T05:24:21.000Z,LOL dumbshits...,0,0,1
1901034841216557390,ElMiniChingon,1901013295227601043,1901013295227601043,KTVB,2025-03-15T22:16:40.000Z,"The usual dipshits, exactly.",4,0,0
1901049514372317454,S_WORKS_ENDURO,1901013295227601043,1901013295227601043,KTVB,2025-03-15T23:14:58.000Z,,1,0,0
1901050638529949889,Dave006900,1901013295227601043,1901013295227601043,KTVB,2025-03-15T23:19:26.000Z,Boise has become so stupid.,1,0,0
1901268291794194623,nonyabiznus47,1901013295227601043,1901013295227601043,KTVB,2025-03-16T13:44:19.000Z,That article doesn’t give ANY example of human right violations. It is a bunch of words with no substance. Like the 50501 group.,0,0,0
1901532816577577091,ChristianMiley3,1901013295227601043,1901013295227601043,KTVB,2025-03-17T07:15:26.000Z,Had to get a close up photo huh? Why is that? Not too many people showed up is my guess....,0,0,0
1901594513812144268,HingleMcC1,1901013295227601043,1901013295227601043,KTVB,2025-03-17T11:20:36.000Z,"It’s not at all local or “grassroots”, this event was organized and promoted online to try and get protests in all 50 states. 

Either an intentional misrepresentation or shitty research.  My money’s on the former.",0,0,0
1901112853731701136,AmbroseElaine,1901013295227601043,1901013295227601043,KTVB,2025-03-16T03:26:39.000Z,They should have made sandwiches for all the extra police officers who had to be there to ensure safety at the “protest.”,2,0,1
1901142472681574456,jpnevt,1901013295227601043,1901013295227601043,KTVB,2025-03-16T05:24:21.000Z,LOL dumbshits...,0,0,1
1901034841216557390,ElMiniChingon,1901013295227601043,1901013295227601043,KTVB,2025-03-15T22:16:40.000Z,"The usual dipshits, exactly.",4,0,0
1901049514372317454,S_WORKS_ENDURO,1901013295227601043,1901013295227601043,KTVB,2025-03-15T23:14:58.000Z,,1,0,0
1901050638529949889,Dave006900,1901013295227601043,1901013295227601043,KTVB,2025-03-15T23:19:26.000Z,Boise has become so stupid.,1,0,0
1901268291794194623,nonyabiznus47,1901013295227601043,1901013295227601043,KTVB,2025-03-16T13:44:19.000Z,That article doesn’t give ANY example of human right violations. It is a bunch of words with no substance. Like the 50501 group.,0,0,0
1901532816577577091,ChristianMiley3,1901013295227601043,1901013295227601043,KTVB,2025-03-17T07:15:26.000Z,Had to get a close up photo huh? Why is that? Not too many people showed up is my guess....,0,0,0
1901594513812144268,HingleMcC1,1901013295227601043,1901013295227601043,KTVB,2025-03-17T11:20:36.000Z,"It’s not at all local or “grassroots”, this event was organized and promoted online to try and get protests in all 50 states. 

Either an intentional misrepresentation or shitty research.  My money’s on the former.",0,0,0
1901015814154973263,_BrianMichaelP,1901013295227601043,1901013295227601043,KTVB,2025-03-15T21:01:03.000Z,I'm going to organize a protest for them in a padded room. These are not stable adults.,7,0,0
1901015644822532129,QEallthetime,1901013295227601043,1901013295227601043,KTVB,2025-03-15T21:00:23.000Z,Bet most of them don’t even live in Idaho ,4,0,0
1901056647356969097,Mystic202332671,1901013295227601043,1901013295227601043,KTVB,2025-03-15T23:43:19.000Z,Who’s paying these people somebody is,1,0,1
1901320285661606038,NormalIdahoan,1901013295227601043,1901013295227601043,KTVB,2025-03-16T17:10:55.000Z,What a bunch of anti democracy morons.,0,0,0
1901079972594266457,PamHemphill79,1901079972594266457,None,None,2025-03-16T01:16:00.000Z,Today’s 50501 protest in Boise Idaho! We’re not going anywhere!,132,41,10
1901082761957372020,phviking76,1901079972594266457,1901079972594266457,PamHemphill79,2025-03-16T01:27:05.000Z,"Yeah you are a joke.   75 probation federal workers fired in Idaho, and the forest service put a thing to hire 1500 seasonal workers.   Boise needs to fuck off.",2,0,0
1901160065924821312,MartinMc931,1901079972594266457,1901079972594266457,PamHemphill79,2025-03-16T06:34:16.000Z,Left MAGA to join the marxists.. you really think you’re fooling anyone ,1,0,1
1901081085770903672,ADONTHEGREAT,1901079972594266457,1901079972594266457,PamHemphill79,2025-03-16T01:20:25.000Z,Now that’s a crowd for Idaho.,2,0,0
1901289335955296389,SchulerLis70829,1901079972594266457,1901079972594266457,PamHemphill79,2025-03-16T15:07:56.000Z,That is just beautiful honey,1,0,0
1901082761957372020,phviking76,1901079972594266457,1901079972594266457,PamHemphill79,2025-03-16T01:27:05.000Z,"Yeah you are a joke.   75 probation federal workers fired in Idaho, and the forest service put a thing to hire 1500 seasonal workers.   Boise needs to fuck off.",2,0,0
1901160065924821312,MartinMc931,1901079972594266457,1901079972594266457,PamHemphill79,2025-03-16T06:34:16.000Z,Left MAGA to join the marxists.. you really think you’re fooling anyone ,1,0,1
1901081085770903672,ADONTHEGREAT,1901079972594266457,1901079972594266457,PamHemphill79,2025-03-16T01:20:25.000Z,Now that’s a crowd for Idaho.,2,0,0
1901289335955296389,SchulerLis70829,1901079972594266457,1901079972594266457,PamHemphill79,2025-03-16T15:07:56.000Z,That is just beautiful honey,1,0,0
1901082761957372020,phviking76,1901079972594266457,1901079972594266457,PamHemphill79,2025-03-16T01:27:05.000Z,"Yeah you are a joke.   75 probation federal workers fired in Idaho, and the forest service put a thing to hire 1500 seasonal workers.   Boise needs to fuck off.",2,0,0
1901160065924821312,MartinMc931,1901079972594266457,1901079972594266457,PamHemphill79,2025-03-16T06:34:16.000Z,Left MAGA to join the marxists.. you really think you’re fooling anyone ,1,0,1
1901081085770903672,ADONTHEGREAT,1901079972594266457,1901079972594266457,PamHemphill79,2025-03-16T01:20:25.000Z,Now that’s a crowd for Idaho.,2,0,0
1901289335955296389,SchulerLis70829,1901079972594266457,1901079972594266457,PamHemphill79,2025-03-16T15:07:56.000Z,That is just beautiful honey,1,0,0
1901082761957372020,phviking76,1901079972594266457,1901079972594266457,PamHemphill79,2025-03-16T01:27:05.000Z,"Yeah you are a joke.   75 probation federal workers fired in Idaho, and the forest service put a thing to hire 1500 seasonal workers.   Boise needs to fuck off.",2,0,0
1901160065924821312,MartinMc931,1901079972594266457,1901079972594266457,PamHemphill79,2025-03-16T06:34:16.000Z,Left MAGA to join the marxists.. you really think you’re fooling anyone ,1,0,1
1901081085770903672,ADONTHEGREAT,1901079972594266457,1901079972594266457,PamHemphill79,2025-03-16T01:20:25.000Z,Now that’s a crowd for Idaho.,2,0,0
1901289335955296389,SchulerLis70829,1901079972594266457,1901079972594266457,PamHemphill79,2025-03-16T15:07:56.000Z,That is just beautiful honey,1,0,0
1901082761957372020,phviking76,1901079972594266457,1901079972594266457,PamHemphill79,2025-03-16T01:27:05.000Z,"Yeah you are a joke.   75 probation federal workers fired in Idaho, and the forest service put a thing to hire 1500 seasonal workers.   Boise needs to fuck off.",2,0,0
1901160065924821312,MartinMc931,1901079972594266457,1901079972594266457,PamHemphill79,2025-03-16T06:34:16.000Z,Left MAGA to join the marxists.. you really think you’re fooling anyone ,1,0,1
1901081085770903672,ADONTHEGREAT,1901079972594266457,1901079972594266457,PamHemphill79,2025-03-16T01:20:25.000Z,Now that’s a crowd for Idaho.,2,0,0
1901289335955296389,SchulerLis70829,1901079972594266457,1901079972594266457,PamHemphill79,2025-03-16T15:07:56.000Z,That is just beautiful honey,1,0,0
1897701879343202478,reddit_lies,1897701879343202478,None,None,2025-03-06T17:32:40.000Z,"r/50501, despite its commitment to nonviolence, is still upvoting blatant calls to violence.",256,13,11
1897702385364951549,IcedViews,1897701879343202478,1897701879343202478,reddit_lies,2025-03-06T17:34:40.000Z,"Well, the rules were in for conservative mindset.

Not for their side.",8,0,1
1897708114037678389,reddit_lies,1897701879343202478,1897701879343202478,reddit_lies,2025-03-06T17:57:26.000Z,It's funny how quickly the rules against denying the election results vanished as soon as the left started doing it.,3,0,0
1897702969996640765,rwordtakes,1897701879343202478,1897701879343202478,reddit_lies,2025-03-06T17:37:00.000Z,"It's not going to stop, Reddit is out of control.

The only way serious changes are going to happen is if the FBI gets involved or shareholders start feeling the pain in their portfolios.",9,0,0
1897702075967906023,StarSpangledRoy,1897701879343202478,1897701879343202478,reddit_lies,2025-03-06T17:33:27.000Z,"I laughed, that's so retarded.",2,0,0
1897703890222481898,En_Senada69,1897701879343202478,1897701879343202478,reddit_lies,2025-03-06T17:40:39.000Z,Digg is coming back and is going to have proper moderation. Reddit killed Digg years ago and now Digg is going to kill Reddit.,1,0,0
1897707662302667067,withcomment,1897701879343202478,1897701879343202478,reddit_lies,2025-03-06T17:55:39.000Z,"I posted on there to ""punch a pedo"" and they advised me violence was not tolerated.",0,0,0
1897706269974114531,IrishNeb,1897701879343202478,1897701879343202478,reddit_lies,2025-03-06T17:50:07.000Z,I have proof reddit moderators are hacking. Also on this sub. Cyberfx is a government worker who has violated th hatch act for 4 years,5,0,1
1897776124110721530,blackpillarchi1,1897701879343202478,1897701879343202478,reddit_lies,2025-03-06T22:27:41.000Z,,1,0,0
1897702385364951549,IcedViews,1897701879343202478,1897701879343202478,reddit_lies,2025-03-06T17:34:40.000Z,"Well, the rules were in for conservative mindset.

Not for their side.",8,0,1
1897708114037678389,reddit_lies,1897701879343202478,1897701879343202478,reddit_lies,2025-03-06T17:57:26.000Z,It's funny how quickly the rules against denying the election results vanished as soon as the left started doing it.,3,0,0
1897702969996640765,rwordtakes,1897701879343202478,1897701879343202478,reddit_lies,2025-03-06T17:37:00.000Z,"It's not going to stop, Reddit is out of control.

The only way serious changes are going to happen is if the FBI gets involved or shareholders start feeling the pain in their portfolios.",9,0,0
1897702075967906023,StarSpangledRoy,1897701879343202478,1897701879343202478,reddit_lies,2025-03-06T17:33:27.000Z,"I laughed, that's so retarded.",2,0,0
1897703890222481898,En_Senada69,1897701879343202478,1897701879343202478,reddit_lies,2025-03-06T17:40:39.000Z,Digg is coming back and is going to have proper moderation. Reddit killed Digg years ago and now Digg is going to kill Reddit.,1,0,0
1897707662302667067,withcomment,1897701879343202478,1897701879343202478,reddit_lies,2025-03-06T17:55:39.000Z,"I posted on there to ""punch a pedo"" and they advised me violence was not tolerated.",0,0,0
1897706269974114531,IrishNeb,1897701879343202478,1897701879343202478,reddit_lies,2025-03-06T17:50:07.000Z,I have proof reddit moderators are hacking. Also on this sub. Cyberfx is a government worker who has violated th hatch act for 4 years,5,0,1
1897776124110721530,blackpillarchi1,1897701879343202478,1897701879343202478,reddit_lies,2025-03-06T22:27:41.000Z,,1,0,0
1897702385364951549,IcedViews,1897701879343202478,1897701879343202478,reddit_lies,2025-03-06T17:34:40.000Z,"Well, the rules were in for conservative mindset.

Not for their side.",8,0,1
1897708114037678389,reddit_lies,1897701879343202478,1897701879343202478,reddit_lies,2025-03-06T17:57:26.000Z,It's funny how quickly the rules against denying the election results vanished as soon as the left started doing it.,3,0,0
1897702969996640765,rwordtakes,1897701879343202478,1897701879343202478,reddit_lies,2025-03-06T17:37:00.000Z,"It's not going to stop, Reddit is out of control.

The only way serious changes are going to happen is if the FBI gets involved or shareholders start feeling the pain in their portfolios.",9,0,0
1897702075967906023,StarSpangledRoy,1897701879343202478,1897701879343202478,reddit_lies,2025-03-06T17:33:27.000Z,"I laughed, that's so retarded.",2,0,0
1897131163413798937,maggieKTVB7,1897131163413798937,None,None,2025-03-05T03:44:51.000Z,"BOISE - Hundreds of Idahoans returned to the Idaho State Capitol grounds Tuesday to protest the actions of the Trump administration, marking yet another protest held by the 50501 movement.",105,18,24
1897136489164914824,Shell_Cra1g,1897131163413798937,1897131163413798937,maggieKTVB7,2025-03-05T04:06:00.000Z,"They must all live in Boise, and not have jobs?",20,0,1
1897132174102643198,WellitHappened1,1897131163413798937,1897131163413798937,maggieKTVB7,2025-03-05T03:48:51.000Z,Crazy they don't have jobs. They always protest in the middle of the day during the week so people who work can't show up to counter protest.,16,0,0
1897181126453821896,SP7852438456604,1897131163413798937,1897131163413798937,maggieKTVB7,2025-03-05T07:03:23.000Z,They are welcome to go to California. Nice easy drive. Shared values. Beautiful weather. Win win for everyone ,12,0,1
1897307607381242130,br0nc0blue,1897131163413798937,1897131163413798937,maggieKTVB7,2025-03-05T15:25:58.000Z,Not an employed soul in site.,7,0,1
1897319501785633023,idaDru,1897131163413798937,1897131163413798937,maggieKTVB7,2025-03-05T16:13:14.000Z,Don't these people have jobs?,4,0,0
1897355687430439028,BZsSaloon,1897131163413798937,1897131163413798937,maggieKTVB7,2025-03-05T18:37:01.000Z,"Apparently you're unfamiliar with the phrases ""go back to work"" and ""fog a mirror.""",3,0,0
1897516965213954540,filmmaker_max,1897131163413798937,1897131163413798937,maggieKTVB7,2025-03-06T05:17:53.000Z,What are they protesting exactly?,2,0,0
1897410884806529060,Johnny_G_III,1897131163413798937,1897131163413798937,maggieKTVB7,2025-03-05T22:16:21.000Z,Bunch of idiots!,1,0,0
1897644531421511963,GenXSolutions_,1897131163413798937,1897131163413798937,maggieKTVB7,2025-03-06T13:44:47.000Z,These people really have nothing to do.,1,0,0
1897146310610100586,JubileeJohn777,1897131163413798937,1897131163413798937,maggieKTVB7,2025-03-05T04:45:02.000Z,Time for an audit!,0,0,0
1897491308144382354,ReaLitY_Siege,1897131163413798937,1897131163413798937,maggieKTVB7,2025-03-06T03:35:56.000Z,,0,0,0
1897319511751320022,Patriot_Eagle59,1897131163413798937,1897131163413798937,maggieKTVB7,2025-03-05T16:13:16.000Z,"Hundreds showed up, not thousands.  Leftover USAID funds that had to be spent.",3,0,0
1897266254437867949,hagland_h67020,1897131163413798937,1897131163413798937,maggieKTVB7,2025-03-05T12:41:39.000Z,Must be close to the numbers of the Dems in Idaho which is 26%.,2,0,0
1897146310610100586,JubileeJohn777,1897131163413798937,1897131163413798937,maggieKTVB7,2025-03-05T04:45:02.000Z,Time for an audit!,0,0,0
1897491308144382354,ReaLitY_Siege,1897131163413798937,1897131163413798937,maggieKTVB7,2025-03-06T03:35:56.000Z,,0,0,0
1897319511751320022,Patriot_Eagle59,1897131163413798937,1897131163413798937,maggieKTVB7,2025-03-05T16:13:16.000Z,"Hundreds showed up, not thousands.  Leftover USAID funds that had to be spent.",3,0,0
1897266254437867949,hagland_h67020,1897131163413798937,1897131163413798937,maggieKTVB7,2025-03-05T12:41:39.000Z,Must be close to the numbers of the Dems in Idaho which is 26%.,2,0,0
1897278861882351781,BoiseGuy36,1897131163413798937,1897131163413798937,maggieKTVB7,2025-03-05T13:31:45.000Z,"The democrats are finished 

The only thing that the Democrats applauded was the fact that we funded $350 billion for war Ukraine??",2,0,0
1897261537058074939,ID4lifeboy,1897131163413798937,1897131163413798937,maggieKTVB7,2025-03-05T12:22:54.000Z,"That’ll help , other than local democrats media mouth pieces, no one will pay attention",1,0,0
1897342784341991677,Idaho_7,1897131163413798937,1897131163413798937,maggieKTVB7,2025-03-05T17:45:45.000Z,Complete ignorance on display. As sick as the democrats repulsive display of disrespect for our Nation attending President Donald J Trump’s state of the union address last night.,1,0,0
1897167258960716030,arizona_bonnie,1897167258960716030,None,None,2025-03-05T06:08:16.000Z,"AZ State Capitol, standing near the Rose Garden filming the #50501 Protest. Our march wrapped 3 city blocks ",71,25,0
1899170138072523023,VoicesOfFlorida,1899170138072523023,None,None,2025-03-10T18:47:00.000Z,"Join Political Revolution, 50501, & Voices of Florida for an AMA with Josh Weil, who is running for office in Florida’s 6th Congressional District in a special election.
 https://reddit.com/r/Political_Revolution…

#PoliticalRevolution #50501Movement #VoicesOfFlorida #JoshWeil",0,0,0
1897093543203921994,reddit_lies,1897093543203921994,None,None,2025-03-05T01:15:21.000Z,r/50501 psyching themselves into violence as usual,157,9,17
1897095645888123104,rwordtakes,1897093543203921994,1897093543203921994,reddit_lies,2025-03-05T01:23:42.000Z,"Hilarious how dude is like “I don't know why we're waiting” from his gaming chair.

Reddit has no real leadership or goals, which is why they can never organize.",8,1,1
1897094070847332762,LostPants21,1897093543203921994,1897093543203921994,reddit_lies,2025-03-05T01:17:27.000Z,What they look like.,8,0,0
1897093654600466820,TroyRubert,1897093543203921994,1897093543203921994,reddit_lies,2025-03-05T01:15:48.000Z,@FBIDirectorKash,3,0,0
1897100368125026459,RealSalMinella,1897093543203921994,1897093543203921994,reddit_lies,2025-03-05T01:42:28.000Z,Horseshoe theory remains undefeated. These people have gone so far left they came out on the other side.,3,0,0
1897094655411708143,CocoWierz,1897093543203921994,1897093543203921994,reddit_lies,2025-03-05T01:19:46.000Z,should be renamed to 5150,2,0,1
1897095349061513566,xd3thw1shx,1897093543203921994,1897093543203921994,reddit_lies,2025-03-05T01:22:32.000Z,the whole site is losing it.,2,0,0
1897094043609547127,ShadeNoah,1897093543203921994,1897093543203921994,reddit_lies,2025-03-05T01:17:20.000Z,This thread glows.,1,0,0
1897096144037327017,AnimalL96540663,1897093543203921994,1897093543203921994,reddit_lies,2025-03-05T01:25:41.000Z,I always love asking one of these whack jobs to “please define facism without using the word facist.”  Always get this ,1,0,0
1897095645888123104,rwordtakes,1897093543203921994,1897093543203921994,reddit_lies,2025-03-05T01:23:42.000Z,"Hilarious how dude is like “I don't know why we're waiting” from his gaming chair.

Reddit has no real leadership or goals, which is why they can never organize.",8,1,1
1897094070847332762,LostPants21,1897093543203921994,1897093543203921994,reddit_lies,2025-03-05T01:17:27.000Z,What they look like.,8,0,0
1897093654600466820,TroyRubert,1897093543203921994,1897093543203921994,reddit_lies,2025-03-05T01:15:48.000Z,@FBIDirectorKash,3,0,0
1897100368125026459,RealSalMinella,1897093543203921994,1897093543203921994,reddit_lies,2025-03-05T01:42:28.000Z,Horseshoe theory remains undefeated. These people have gone so far left they came out on the other side.,3,0,0
1897094655411708143,CocoWierz,1897093543203921994,1897093543203921994,reddit_lies,2025-03-05T01:19:46.000Z,should be renamed to 5150,2,0,1
1897095349061513566,xd3thw1shx,1897093543203921994,1897093543203921994,reddit_lies,2025-03-05T01:22:32.000Z,the whole site is losing it.,2,0,0
1897094043609547127,ShadeNoah,1897093543203921994,1897093543203921994,reddit_lies,2025-03-05T01:17:20.000Z,This thread glows.,1,0,0
1897096144037327017,AnimalL96540663,1897093543203921994,1897093543203921994,reddit_lies,2025-03-05T01:25:41.000Z,I always love asking one of these whack jobs to “please define facism without using the word facist.”  Always get this ,1,0,0
1897095394720649258,PeterMM61,1897093543203921994,1897093543203921994,reddit_lies,2025-03-05T01:22:43.000Z,These a-holes aren’t fighting for shit.,0,0,0
1897095473581932921,DakedeRikudo,1897093543203921994,1897093543203921994,reddit_lies,2025-03-05T01:23:01.000Z,"2027 will arrive and those basement dwellers will still be asking themselves ""WHY IS NOBODY DOING ANYTHING!?""",0,0,0
1897095921445560447,OtaxCarbon,1897093543203921994,1897093543203921994,reddit_lies,2025-03-05T01:24:48.000Z,They then proceed to do absolutely nothing.,0,0,0
1897110040898888098,NerigalAwatt,1897093543203921994,1897093543203921994,reddit_lies,2025-03-05T02:20:55.000Z,Imagine bragging about the 2nd Amendment and pretending to live under fascists tyranny... that's some high level of cognitive dissonance right there.,0,0,0
1902473522745675919,VoicesOfFlorida,1902473522745675919,None,None,2025-03-19T21:33:28.000Z,"We've collected 18 flyers for 50501 protests happening across Florida on 4/5 in:
• Cape Coral
• Day Beach
• Deland
• Key Largo
• Gville
• Hollywood
• Jax
• Miami
• Ocala
• Orlando
• Palm Coast
• Pcola
• Pt St Lucie
• Sarasota
• St Pete
• Tally
• Tampa
• WPB",3,1,1
